,Train Accuracy,Test Accuracy,Train ROC AUC,Test ROC AUC,Train F1 Score,Test F1 Score,Train Recall,Test Recall,Train Precision,Test Precision,mean
without_resampling,0.999866785079929,0.9156557768924303,1.0,0.9393770764690912,0.9997471654348654,0.8399731955575716,1.0,0.7333333333333334,0.9991477272727274,0.730998643133304,0.9158099703173253
with_ros,0.9998421744788061,0.9108653386454184,1.0,0.9352397870393936,0.9998421744678858,0.8369903274222071,1.0,0.7641025641025642,0.9996845149296041,0.6983479299385981,0.9144914811024476
with_rus,0.9998421744788061,0.9108653386454184,1.0,0.9352397870393936,0.9998421744678858,0.8369903274222071,1.0,0.7641025641025642,0.9996845149296041,0.6983479299385981,0.9144914811024476
with_smote,0.9998421744788061,0.9108653386454184,1.0,0.9352397870393936,0.9998421744678858,0.8369903274222071,1.0,0.7641025641025642,0.9996845149296041,0.6983479299385981,0.9144914811024476
with_nearmiss,1.0,0.5763378486055777,1.0,0.7601307616643395,1.0,0.5356808961635491,1.0,0.9,1.0,0.25636955205034273,0.802851905848381
with_smote_tomek,0.999920620619379,0.9040717131474103,1.0,0.9345091679907919,0.9999206206138215,0.8278885539380351,1.0,0.7666666666666667,0.9998413252091207,0.6705863579956421,0.9103405026180867
